ngame,datewhen,probs,bet_coef,win_bet
33086,2020-10-15T21:44:18Z,0.75,1.52,TRUE
18535,2020-10-15T22:48:19Z,0.755,1.544,TRUE
23415,2020-10-16T00:08:18Z,0.774,1.69,FALSE
34316,2020-10-16T08:10:22Z,0.65,1.765,TRUE
10628,2020-10-16T09:18:33Z,0.769,1.67,TRUE
20008,2020-10-16T10:18:20Z,0.65,1.74,TRUE
6923,2020-10-16T16:14:23Z,0.73,1.58,TRUE
8596,2020-10-16T16:20:29Z,0.741,1.52,FALSE
34783,2020-10-16T16:28:33Z,0.65,1.712,TRUE
31921,2020-10-16T16:30:22Z,0.742,1.53,TRUE
7421,2020-10-16T17:18:24Z,0.735,1.6,FALSE
15314,2020-10-16T17:18:24Z,0.794,1.52,TRUE
505,2020-10-16T17:35:10Z,0.74,1.71,TRUE
36532,2020-10-16T18:10:25Z,0.65,1.704,FALSE
5915,2020-10-16T18:20:24Z,0.774,1.51,FALSE
33113,2020-10-16T18:36:25Z,0.745,1.536,FALSE
7378,2020-10-16T19:08:25Z,0.869,1.51,TRUE
10066,2020-10-16T19:10:43Z,0.728,1.55,FALSE
22178,2020-10-16T19:23:45Z,0.796,1.56,TRUE
611,2020-10-16T19:23:49Z,0.778,2.17,TRUE
17020,2020-10-16T19:23:49Z,0.753,1.58,TRUE
25892,2020-10-16T19:23:49Z,0.727,1.55,FALSE
35076,2020-10-16T19:36:43Z,0.744,1.51,FALSE
3756,2020-10-17T04:28:19Z,0.732,1.51,TRUE
33607,2020-10-17T06:06:21Z,0.65,1.71,FALSE
27710,2020-10-17T06:22:22Z,0.65,1.71,TRUE
7407,2020-10-17T07:28:22Z,0.785,1.51,FALSE
4688,2020-10-17T08:38:20Z,0.734,1.52,TRUE
29406,2020-10-17T10:04:35Z,0.65,1.73,FALSE
2543,2020-10-17T10:14:59Z,0.65,1.755,FALSE
31829,2020-10-17T10:58:22Z,0.737,1.51,FALSE
16918,2020-10-17T11:26:22Z,0.933,1.57,TRUE
35435,2020-10-17T12:32:28Z,0.757,1.52,TRUE
13509,2020-10-17T12:56:23Z,0.736,1.52,TRUE
13140,2020-10-17T13:20:27Z,0.768,1.51,TRUE
6064,2020-10-17T13:52:28Z,0.766,1.63,TRUE
21839,2020-10-17T13:52:28Z,0.65,1.704,FALSE
10235,2020-10-17T14:14:33Z,0.729,1.51,TRUE
11783,2020-10-17T14:44:42Z,0.734,1.71,FALSE
9885,2020-10-17T14:46:35Z,0.745,1.55,TRUE
27091,2020-10-17T15:12:29Z,0.736,1.68,TRUE
32014,2020-10-17T16:38:28Z,0.749,1.51,TRUE
19877,2020-10-17T17:16:28Z,0.65,1.76,TRUE
19690,2020-10-17T17:30:46Z,0.65,1.712,FALSE
9230,2020-10-17T17:36:31Z,0.765,2.13,TRUE
24264,2020-10-17T18:04:26Z,0.808,1.57,TRUE
14707,2020-10-17T18:16:28Z,0.757,1.54,FALSE
3868,2020-10-17T18:38:27Z,0.734,1.95,FALSE
7400,2020-10-17T19:14:25Z,0.738,1.51,TRUE
27781,2020-10-17T20:02:23Z,0.75,1.72,TRUE
6095,2020-10-18T02:08:18Z,0.769,1.53,FALSE
22787,2020-10-18T02:26:21Z,0.65,1.71,FALSE
27747,2020-10-18T05:24:20Z,0.65,1.71,FALSE
22350,2020-10-18T07:38:21Z,0.763,1.51,TRUE
10629,2020-10-18T09:18:35Z,0.775,1.51,TRUE
31730,2020-10-18T09:28:24Z,0.794,1.55,TRUE
3969,2020-10-18T10:28:22Z,0.731,1.57,TRUE
6734,2020-10-18T11:32:22Z,0.853,1.7,TRUE
13515,2020-10-18T11:52:27Z,0.7,1.83,TRUE
12479,2020-10-18T12:42:24Z,0.751,1.52,FALSE
34790,2020-10-18T12:46:23Z,0.65,1.755,FALSE
3737,2020-10-18T12:54:23Z,0.74,1.58,TRUE
18138,2020-10-18T13:26:24Z,0.751,1.53,TRUE
13513,2020-10-18T14:12:24Z,0.845,1.51,TRUE
36525,2020-10-18T14:34:29Z,0.729,1.53,TRUE
14497,2020-10-18T14:58:25Z,0.65,1.704,TRUE
7135,2020-10-18T15:44:25Z,0.774,1.55,TRUE
33482,2020-10-18T16:08:28Z,0.747,1.755,FALSE
3876,2020-10-18T16:20:28Z,0.733,1.59,TRUE
4415,2020-10-18T17:10:28Z,0.65,1.71,FALSE
25482,2020-10-18T17:30:34Z,0.747,1.55,FALSE
11116,2020-10-18T18:48:22Z,0.732,1.51,TRUE
29116,2020-10-19T00:04:19Z,0.65,1.71,TRUE
34317,2020-10-19T04:54:19Z,0.788,1.696,TRUE
18541,2020-10-19T07:30:22Z,0.731,1.7,TRUE
18148,2020-10-19T15:40:19Z,0.736,1.55,TRUE
12561,2020-10-19T18:56:23Z,0.727,1.504,TRUE
22740,2020-10-19T18:58:28Z,0.744,1.51,TRUE
28468,2020-10-19T19:02:46Z,0.754,1.59,FALSE
17191,2020-10-19T19:40:21Z,0.745,1.592,TRUE
3257,2020-10-19T19:54:27Z,0.65,1.725,FALSE
30923,2020-10-19T20:30:21Z,0.788,1.68,TRUE
3295,2020-10-19T21:12:18Z,0.65,1.704,FALSE
5086,2020-10-19T22:00:20Z,0.746,1.56,TRUE
32435,2020-10-20T02:16:17Z,0.73,1.62,TRUE
32214,2020-10-20T05:22:19Z,0.75,1.55,FALSE
27752,2020-10-20T11:06:19Z,0.65,1.79,TRUE
19907,2020-10-20T11:46:19Z,0.76,1.525,TRUE
13138,2020-10-20T12:50:21Z,0.65,1.82,TRUE
20418,2020-10-20T13:56:21Z,0.79,1.685,FALSE
33456,2020-10-20T18:34:23Z,0.65,1.704,TRUE
11874,2020-10-20T18:42:30Z,0.758,1.6,TRUE
8495,2020-10-20T18:58:21Z,0.741,1.53,TRUE
26105,2020-10-20T20:50:21Z,0.735,1.57,TRUE
24883,2020-10-21T04:32:19Z,0.768,1.51,TRUE
20356,2020-10-21T04:36:19Z,0.65,1.71,TRUE
16234,2020-10-21T05:28:19Z,0.731,1.616,TRUE
15281,2020-10-21T10:54:21Z,0.745,1.544,FALSE
13129,2020-10-21T11:14:21Z,0.65,1.79,FALSE
9620,2020-10-21T11:58:21Z,0.732,1.52,TRUE
12941,2020-10-21T12:12:23Z,0.65,2.07,TRUE
4290,2020-10-21T12:38:21Z,0.754,1.62,TRUE
15205,2020-10-21T13:40:22Z,0.65,1.704,TRUE
15246,2020-10-21T16:16:23Z,0.792,1.59,TRUE
30496,2020-10-21T17:32:24Z,0.795,1.51,TRUE
14788,2020-10-21T18:06:23Z,0.65,1.71,FALSE
682,2020-10-21T18:12:47Z,0.65,1.73,TRUE
12502,2020-10-21T21:12:20Z,0.65,1.704,FALSE
33383,2020-10-21T21:32:20Z,0.65,1.736,TRUE
13704,2020-10-22T04:24:18Z,0.65,1.712,TRUE
24885,2020-10-22T04:30:19Z,0.65,1.73,TRUE
29048,2020-10-22T10:24:20Z,0.789,1.54,TRUE
9918,2020-10-22T15:56:22Z,0.809,1.57,TRUE
23242,2020-10-22T16:26:21Z,0.65,1.74,TRUE
30112,2020-10-22T18:06:22Z,0.778,1.53,TRUE
7380,2020-10-22T18:44:22Z,0.65,1.71,TRUE
12902,2020-10-22T18:52:22Z,0.785,1.712,TRUE
22761,2020-10-22T19:14:22Z,0.65,1.79,TRUE
17363,2020-10-23T02:28:17Z,0.65,1.84,FALSE
13705,2020-10-23T05:26:17Z,0.65,1.75,FALSE
7777,2020-10-23T07:46:21Z,0.777,1.525,TRUE
25589,2020-10-23T09:52:28Z,0.798,1.55,TRUE
12808,2020-10-23T12:38:22Z,0.786,1.52,FALSE
24762,2020-10-23T13:00:35Z,0.65,1.736,TRUE
18553,2020-10-23T14:28:21Z,0.813,1.585,TRUE
19260,2020-10-23T17:08:26Z,0.75,1.77,FALSE
15409,2020-10-23T18:24:23Z,0.65,1.88,FALSE
24082,2020-10-23T22:40:19Z,0.65,1.73,TRUE
9479,2020-10-24T08:48:21Z,0.776,1.53,TRUE
32080,2020-10-24T09:26:25Z,0.76,1.59,TRUE
35945,2020-10-24T10:24:22Z,0.77,1.62,TRUE
24042,2020-10-24T11:26:24Z,0.731,1.57,TRUE
24890,2020-10-24T11:54:23Z,0.741,1.61,TRUE
26714,2020-10-24T14:04:28Z,0.726,1.57,TRUE
13516,2020-10-24T14:42:28Z,0.65,1.715,FALSE
5064,2020-10-24T14:50:27Z,0.65,1.89,TRUE
31746,2020-10-24T15:11:34Z,0.745,1.58,FALSE
4373,2020-10-24T15:28:30Z,0.726,1.57,TRUE
22375,2020-10-24T15:42:29Z,0.65,1.79,TRUE
25182,2020-10-24T17:08:29Z,0.65,1.704,FALSE
6694,2020-10-24T18:56:27Z,0.65,1.73,TRUE
6241,2020-10-24T19:02:55Z,0.65,1.74,TRUE
27855,2020-10-24T19:06:25Z,0.65,1.736,FALSE
10182,2020-10-24T19:18:59Z,0.736,1.56,TRUE
35826,2020-10-24T19:34:25Z,0.766,1.58,FALSE
13039,2020-10-25T06:38:27Z,0.65,1.71,TRUE
19386,2020-10-25T11:18:22Z,0.778,1.63,FALSE
21524,2020-10-25T11:32:22Z,0.802,1.66,TRUE
31828,2020-10-25T11:38:29Z,0.732,1.6,TRUE
4027,2020-10-25T12:16:23Z,0.761,1.57,FALSE
28804,2020-10-25T12:30:25Z,0.771,1.56,FALSE
34050,2020-10-25T12:50:24Z,0.734,1.59,TRUE
9218,2020-10-25T14:36:24Z,0.65,1.71,FALSE
504,2020-10-25T15:24:27Z,0.75,1.725,TRUE
9248,2020-10-25T15:28:48Z,0.734,1.71,FALSE
18160,2020-10-25T16:34:23Z,0.7,1.87,FALSE
10440,2020-10-25T18:18:27Z,0.752,1.58,TRUE
18402,2020-10-25T18:28:26Z,0.729,1.57,TRUE
22746,2020-10-25T19:48:23Z,0.65,1.73,FALSE
25102,2020-10-25T19:50:37Z,0.731,1.704,TRUE
11887,2020-10-25T20:56:25Z,0.743,1.65,TRUE
15867,2020-10-25T21:36:21Z,0.754,1.59,TRUE
15868,2020-10-26T06:20:23Z,0.815,1.575,TRUE
28486,2020-10-26T06:24:21Z,0.759,1.696,TRUE
27226,2020-10-26T08:58:28Z,0.65,1.725,FALSE
28016,2020-10-26T09:44:20Z,0.73,1.77,TRUE
35183,2020-10-26T17:52:23Z,0.742,1.768,TRUE
15570,2020-10-27T14:46:20Z,0.7,1.725,FALSE
20572,2020-10-27T17:04:21Z,0.73,1.62,FALSE
20267,2020-10-27T19:20:24Z,0.73,1.62,TRUE
27966,2020-10-28T05:10:20Z,0.792,1.56,FALSE
11081,2020-10-28T10:00:21Z,0.65,1.768,FALSE
24896,2020-10-28T11:48:25Z,0.65,1.725,FALSE
19070,2020-10-28T12:04:23Z,0.65,1.78,FALSE
9295,2020-10-28T12:36:23Z,0.65,1.71,TRUE
4592,2020-10-28T15:52:20Z,0.65,1.855,TRUE
21365,2020-10-28T17:52:26Z,0.756,1.56,TRUE
9609,2020-10-28T18:04:35Z,0.753,1.89,FALSE
19315,2020-10-28T19:38:25Z,0.78,1.73,FALSE
4551,2020-10-28T19:56:25Z,0.733,1.555,TRUE
30227,2020-10-29T09:58:21Z,0.65,1.712,TRUE
24898,2020-10-29T11:40:33Z,0.65,1.725,TRUE
34676,2020-10-29T12:10:32Z,0.65,1.744,FALSE
28434,2020-10-29T12:52:30Z,0.65,1.71,TRUE
12437,2020-10-29T13:02:31Z,0.742,1.57,TRUE
15877,2020-10-29T13:13:41Z,0.734,1.575,TRUE
5244,2020-10-29T18:00:40Z,0.747,1.69,FALSE
30319,2020-10-30T10:50:37Z,0.65,1.785,FALSE
2577,2020-10-30T11:30:40Z,0.65,1.71,FALSE
7074,2020-10-30T13:08:40Z,0.698,1.6,TRUE
24715,2020-10-30T13:30:58Z,0.665,1.71,TRUE
4144,2020-10-30T14:10:38Z,0.71,1.57,TRUE
15395,2020-10-30T14:32:34Z,0.656,1.6,TRUE
6731,2020-10-30T15:30:35Z,0.655,1.57,TRUE
31954,2020-10-30T16:44:36Z,0.7,1.685,TRUE
14895,2020-10-30T16:56:36Z,0.657,1.56,FALSE
15407,2020-10-30T17:43:07Z,0.655,1.57,TRUE
506,2020-10-30T17:52:38Z,0.7,1.71,FALSE
24526,2020-10-30T18:42:39Z,0.657,1.6,TRUE
10062,2020-10-30T19:12:40Z,0.685,1.65,TRUE
34764,2020-10-30T19:24:40Z,0.713,1.57,TRUE
544,2020-10-30T19:30:55Z,0.689,1.56,FALSE
6204,2020-10-30T19:56:36Z,0.678,1.72,TRUE
16355,2020-10-30T20:00:39Z,0.671,1.57,FALSE
27844,2020-10-30T21:28:36Z,0.737,1.62,TRUE
32787,2020-10-31T06:26:35Z,0.725,1.6,TRUE
33604,2020-10-31T06:30:35Z,0.657,1.57,TRUE
14363,2020-10-31T08:52:37Z,0.669,1.6,TRUE
24766,2020-10-31T11:08:38Z,0.691,1.67,TRUE
31827,2020-10-31T11:28:37Z,0.672,1.73,TRUE
14786,2020-10-31T12:22:40Z,0.671,1.56,TRUE
18742,2020-10-31T12:24:54Z,0.763,1.64,TRUE
10234,2020-10-31T13:50:40Z,0.652,1.66,TRUE
2934,2020-10-31T14:04:43Z,0.711,1.61,FALSE
31868,2020-10-31T14:40:42Z,0.652,1.58,TRUE
29315,2020-10-31T15:10:41Z,0.687,1.65,FALSE
21262,2020-10-31T15:14:52Z,0.664,1.71,FALSE
4424,2020-10-31T15:17:03Z,0.655,1.56,TRUE
21950,2020-10-31T15:26:42Z,0.686,1.6,FALSE
581,2020-10-31T15:34:43Z,0.657,1.63,FALSE
20896,2020-10-31T15:39:12Z,0.712,1.59,FALSE
32011,2020-10-31T15:50:43Z,0.652,1.63,TRUE
30057,2020-10-31T16:20:42Z,0.669,1.58,FALSE
13795,2020-10-31T16:33:27Z,0.674,1.73,TRUE
653,2020-10-31T16:38:43Z,0.725,1.62,TRUE
26720,2020-10-31T18:16:39Z,0.739,1.57,TRUE
7180,2020-10-31T19:00:40Z,0.728,1.56,TRUE
24183,2020-10-31T19:07:16Z,0.655,1.64,TRUE
30049,2020-10-31T19:32:38Z,0.651,1.68,FALSE
6096,2020-11-01T02:26:28Z,0.729,1.58,FALSE
28516,2020-11-01T04:38:30Z,0.661,1.57,TRUE
1846,2020-11-01T04:40:41Z,0.67,1.685,FALSE
32788,2020-11-01T06:06:32Z,0.727,1.59,TRUE
21880,2020-11-01T06:38:31Z,0.657,1.56,TRUE
23408,2020-11-01T07:18:33Z,0.672,1.68,FALSE
28339,2020-11-01T08:44:36Z,0.679,1.59,FALSE
20235,2020-11-01T09:08:36Z,0.675,1.69,TRUE
17670,2020-11-01T10:10:40Z,0.797,1.83,TRUE
18187,2020-11-01T11:14:40Z,0.672,1.89,TRUE
6065,2020-11-01T11:48:38Z,0.651,1.76,TRUE
7815,2020-11-01T12:02:38Z,0.681,1.72,TRUE
17521,2020-11-01T12:08:40Z,0.666,1.62,FALSE
8467,2020-11-01T12:20:40Z,0.66,1.63,TRUE
35737,2020-11-01T13:02:40Z,0.758,1.59,TRUE
549,2020-11-01T13:13:14Z,0.693,1.64,TRUE
3878,2020-11-01T13:44:36Z,0.7,1.725,TRUE
24524,2020-11-01T14:26:35Z,0.696,1.59,TRUE
34528,2020-11-01T16:36:38Z,0.79,1.896,TRUE
35448,2020-11-01T17:26:39Z,0.687,1.66,FALSE
14554,2020-11-02T11:28:33Z,0.703,1.57,TRUE
8451,2020-11-02T18:34:36Z,0.73,1.57,FALSE
4648,2020-11-02T20:34:34Z,0.694,1.625,FALSE
10189,2020-11-02T20:44:34Z,0.709,1.57,TRUE
24274,2020-11-02T20:48:46Z,0.699,1.61,FALSE
19943,2020-11-03T08:51:05Z,0.743,1.864,TRUE
20232,2020-11-03T08:55:40Z,0.678,2.384,FALSE
21856,2020-11-03T17:12:37Z,0.717,1.63,TRUE
22320,2020-11-04T12:08:37Z,0.689,1.6,TRUE
14334,2020-11-04T12:10:52Z,0.7,1.66,TRUE
6949,2020-11-04T14:06:38Z,0.688,1.6,FALSE
11320,2020-11-04T15:02:35Z,0.677,1.59,TRUE
14607,2020-11-04T16:12:37Z,0.714,1.8,TRUE
33311,2020-11-04T16:22:37Z,0.692,1.59,TRUE
22928,2020-11-04T16:24:56Z,0.695,1.58,TRUE
10072,2020-11-04T17:24:40Z,0.792,1.56,TRUE
16399,2020-11-04T18:16:41Z,0.758,1.62,TRUE
35443,2020-11-04T18:24:57Z,0.689,1.57,TRUE
24070,2020-11-04T18:42:39Z,0.725,1.6,TRUE
36175,2020-11-04T21:38:35Z,0.725,1.6,TRUE
4493,2020-11-04T21:46:33Z,0.69,1.6,TRUE
24744,2020-11-04T23:24:32Z,0.724,1.56,TRUE
13467,2020-11-05T13:14:34Z,0.751,1.63,TRUE
16581,2020-11-05T15:02:31Z,0.686,1.69,TRUE
34242,2020-11-05T15:16:33Z,0.755,1.6,TRUE
17150,2020-11-05T17:48:35Z,0.689,1.62,TRUE
21963,2020-11-05T17:58:45Z,0.694,1.63,TRUE
19946,2020-11-06T09:10:35Z,0.696,1.575,FALSE
4033,2020-11-06T11:08:34Z,0.7,1.71,TRUE
21836,2020-11-06T14:04:31Z,0.701,1.68,FALSE
19276,2020-11-06T16:36:36Z,0.715,1.59,TRUE
24866,2020-11-06T17:18:35Z,0.733,1.58,FALSE
16920,2020-11-06T18:10:39Z,0.721,1.56,TRUE
29086,2020-11-06T19:10:36Z,0.733,1.56,TRUE
23337,2020-11-06T20:36:35Z,0.683,1.6,TRUE
19563,2020-11-07T03:32:29Z,0.723,1.59,TRUE
27753,2020-11-07T06:22:30Z,0.7,1.71,FALSE
22865,2020-11-07T07:40:30Z,0.691,1.82,TRUE
35903,2020-11-07T07:42:46Z,0.738,1.6,TRUE
13118,2020-11-07T09:36:34Z,0.692,1.69,TRUE
7071,2020-11-07T10:10:36Z,0.729,1.56,TRUE
3596,2020-11-07T10:20:34Z,0.692,1.6,FALSE
6061,2020-11-07T10:20:34Z,0.713,1.76,TRUE
14924,2020-11-07T10:26:41Z,0.699,1.57,FALSE
20337,2020-11-07T10:30:54Z,0.805,1.59,TRUE
1073,2020-11-07T10:40:34Z,0.75,1.69,TRUE
28372,2020-11-07T11:10:34Z,0.684,1.68,FALSE
31846,2020-11-07T11:32:34Z,0.677,1.73,TRUE
24914,2020-11-07T11:52:42Z,0.7,1.656,TRUE
11308,2020-11-07T12:26:39Z,0.691,1.59,FALSE
4986,2020-11-07T13:58:31Z,0.728,1.685,TRUE
9922,2020-11-07T15:26:38Z,0.677,1.76,FALSE
28855,2020-11-07T15:52:38Z,0.703,1.63,TRUE
23628,2020-11-07T15:54:48Z,0.753,1.57,FALSE
11182,2020-11-07T16:10:41Z,0.704,1.56,TRUE
18190,2020-11-07T16:22:40Z,0.764,1.59,TRUE
1397,2020-11-07T17:04:40Z,0.718,1.59,TRUE
22526,2020-11-07T18:08:41Z,0.717,1.57,FALSE
16353,2020-11-07T18:19:13Z,0.682,1.62,FALSE
10210,2020-11-07T19:00:43Z,0.715,1.58,TRUE
16075,2020-11-07T19:07:43Z,0.704,1.58,TRUE
27083,2020-11-07T19:34:38Z,0.681,1.63,FALSE
2423,2020-11-07T21:14:33Z,0.7,1.71,FALSE
7291,2020-11-07T21:40:32Z,0.676,1.64,FALSE
35904,2020-11-08T05:54:30Z,0.678,1.57,TRUE
21306,2020-11-08T06:08:34Z,0.722,1.59,TRUE
12083,2020-11-08T06:28:43Z,0.679,1.65,FALSE
32775,2020-11-08T07:58:30Z,0.686,1.73,FALSE
6176,2020-11-08T10:18:34Z,0.712,1.76,FALSE
2268,2020-11-08T11:06:34Z,0.741,1.61,FALSE
16193,2020-11-08T11:26:35Z,0.7,1.704,TRUE
15498,2020-11-08T12:56:57Z,0.715,1.61,FALSE
24740,2020-11-08T14:32:34Z,0.721,1.56,TRUE
31692,2020-11-08T14:38:47Z,0.691,1.56,TRUE
11245,2020-11-08T15:26:36Z,0.706,1.59,TRUE
31236,2020-11-08T15:36:35Z,0.68,1.57,TRUE
6727,2020-11-08T15:38:51Z,0.701,1.61,TRUE
17152,2020-11-08T16:24:35Z,0.7,1.74,TRUE
8473,2020-11-08T17:12:37Z,0.679,1.63,TRUE
6967,2020-11-08T17:34:39Z,0.75,1.68,FALSE
35234,2020-11-08T17:39:03Z,0.699,1.57,TRUE
9302,2020-11-08T17:44:53Z,0.681,1.62,TRUE
22372,2020-11-08T18:32:38Z,0.681,1.72,FALSE
3104,2020-11-08T19:02:35Z,0.714,1.81,TRUE
12878,2020-11-08T20:42:32Z,0.797,1.59,TRUE
32188,2020-11-09T05:26:32Z,0.694,1.57,FALSE
23347,2020-11-09T05:46:31Z,0.689,1.59,TRUE
28346,2020-11-09T13:12:33Z,0.695,1.64,TRUE
15087,2020-11-09T14:16:31Z,0.696,1.59,TRUE
27068,2020-11-09T18:28:33Z,0.732,1.61,FALSE
1488,2020-11-09T20:00:34Z,0.716,1.7,FALSE
7145,2020-11-09T20:10:33Z,0.709,1.59,TRUE
25600,2020-11-09T23:32:29Z,0.731,1.57,TRUE
24918,2020-11-10T12:26:44Z,0.7,1.725,FALSE
4978,2020-11-10T13:04:44Z,0.684,1.65,TRUE
32402,2020-11-10T15:34:40Z,0.741,1.736,FALSE
7852,2020-11-10T16:59:05Z,0.687,1.65,FALSE
27103,2020-11-10T17:40:49Z,0.681,1.74,TRUE
13065,2020-11-10T18:30:49Z,0.696,1.6,TRUE
23230,2020-11-10T18:38:54Z,0.691,1.59,FALSE
32012,2020-11-10T19:40:58Z,0.688,1.57,TRUE
22205,2020-11-10T20:01:10Z,0.681,1.76,FALSE
13466,2020-11-11T09:14:34Z,0.69,1.69,FALSE
20239,2020-11-11T09:52:33Z,0.705,1.65,TRUE
6978,2020-11-11T11:32:41Z,0.798,1.56,FALSE
28356,2020-11-11T11:44:37Z,0.721,1.56,FALSE
19646,2020-11-11T12:04:36Z,0.684,1.57,TRUE
18133,2020-11-11T15:48:34Z,0.736,1.755,FALSE
5165,2020-11-11T16:24:34Z,0.803,1.57,TRUE
11328,2020-11-11T17:26:38Z,0.685,1.62,TRUE
19658,2020-11-11T18:12:40Z,0.7,1.71,TRUE
17518,2020-11-11T18:48:38Z,0.683,1.65,FALSE
24210,2020-11-11T19:18:38Z,0.686,1.57,FALSE
13072,2020-11-11T19:24:44Z,0.68,1.57,FALSE
23631,2020-11-11T20:46:34Z,0.75,1.69,TRUE
19950,2020-11-12T08:26:33Z,0.718,1.675,FALSE
12432,2020-11-12T09:26:33Z,0.794,1.57,TRUE
30322,2020-11-12T11:32:35Z,0.689,1.584,TRUE
34297,2020-11-12T15:16:32Z,0.692,1.608,TRUE
6924,2020-11-12T17:20:36Z,0.783,1.65,TRUE
24060,2020-11-12T17:28:36Z,0.763,1.57,TRUE
557,2020-11-12T17:56:33Z,0.709,1.57,TRUE
22200,2020-11-12T18:08:42Z,0.681,1.59,FALSE
12130,2020-11-12T19:08:37Z,0.68,1.61,TRUE
33326,2020-11-12T20:10:39Z,0.789,1.73,FALSE
17353,2020-11-12T23:40:32Z,0.689,1.63,TRUE
24741,2020-11-13T01:58:28Z,0.687,1.71,FALSE
25502,2020-11-13T04:36:30Z,0.695,1.73,FALSE
7122,2020-11-13T05:00:36Z,0.727,1.59,TRUE
2385,2020-11-13T15:24:34Z,0.7,1.704,FALSE
26750,2020-11-13T20:34:39Z,0.678,1.59,FALSE
30940,2020-11-13T21:16:39Z,0.678,1.6,TRUE
10365,2020-11-14T01:42:27Z,0.705,1.57,TRUE
34281,2020-11-14T07:52:30Z,0.712,1.6,TRUE
3959,2020-11-14T09:14:34Z,0.689,1.65,FALSE
13133,2020-11-14T09:50:35Z,0.7,1.66,TRUE
26684,2020-11-14T10:52:32Z,0.686,1.65,FALSE
26758,2020-11-14T13:54:34Z,0.77,1.59,TRUE
33130,2020-11-14T15:36:37Z,0.69,1.56,TRUE
14609,2020-11-14T15:40:49Z,0.689,1.57,TRUE
2292,2020-11-14T16:04:38Z,0.759,1.56,TRUE
22193,2020-11-14T16:14:39Z,0.7,1.755,TRUE
21921,2020-11-14T17:04:39Z,0.7,1.68,TRUE
9260,2020-11-14T17:34:38Z,0.718,1.62,FALSE
26944,2020-11-14T17:56:40Z,0.678,1.712,FALSE
36604,2020-11-14T18:20:39Z,0.7,1.71,TRUE
32682,2020-11-14T18:27:10Z,0.69,1.61,FALSE
12194,2020-11-14T19:06:38Z,0.689,1.57,TRUE
32228,2020-11-14T23:18:29Z,0.734,1.59,FALSE
23254,2020-11-15T07:42:30Z,0.676,1.59,TRUE
4015,2020-11-15T10:08:33Z,0.713,1.86,TRUE
17988,2020-11-15T11:30:34Z,0.687,1.65,TRUE
7410,2020-11-15T13:30:33Z,0.676,1.63,TRUE
24528,2020-11-15T14:20:32Z,0.708,1.63,TRUE
16594,2020-11-15T16:16:36Z,0.756,1.57,TRUE
651,2020-11-15T16:28:36Z,0.701,1.59,FALSE
16345,2020-11-15T16:32:47Z,0.714,1.61,FALSE
13071,2020-11-15T18:16:35Z,0.703,1.56,FALSE
6188,2020-11-15T20:24:31Z,0.681,1.56,TRUE
33107,2020-11-15T22:24:28Z,0.7,1.68,TRUE
21577,2020-11-16T18:28:33Z,0.713,1.565,FALSE
12903,2020-11-16T20:12:33Z,0.725,1.57,TRUE
15044,2020-11-16T20:34:34Z,0.692,1.555,TRUE
24365,2020-11-16T21:36:33Z,0.706,1.685,TRUE
5191,2020-11-17T02:38:29Z,0.728,1.74,FALSE
6821,2020-11-17T11:24:34Z,0.682,1.66,FALSE
21861,2020-11-17T12:24:37Z,0.7,1.86,FALSE
14848,2020-11-17T13:36:33Z,0.818,1.56,TRUE
24059,2020-11-17T17:42:35Z,0.701,1.63,TRUE
24212,2020-11-17T17:58:36Z,0.712,1.67,TRUE
476,2020-11-17T18:34:34Z,0.776,1.75,TRUE
25449,2020-11-17T19:32:37Z,0.759,1.59,FALSE
26764,2020-11-18T07:38:31Z,0.692,1.896,TRUE
27011,2020-11-18T12:36:33Z,0.7,1.67,TRUE
27240,2020-11-18T13:24:35Z,0.685,1.62,FALSE
13475,2020-11-18T14:46:41Z,0.681,1.65,TRUE
6029,2020-11-18T16:28:36Z,0.692,1.896,TRUE
15241,2020-11-18T17:22:38Z,0.687,1.57,TRUE
12844,2020-11-18T17:28:46Z,0.697,1.56,TRUE
22698,2020-11-18T17:42:51Z,0.725,1.62,FALSE
7959,2020-11-18T17:44:37Z,0.692,1.59,TRUE
14894,2020-11-18T17:44:37Z,0.725,1.56,FALSE
24685,2020-11-18T17:54:37Z,0.697,1.69,TRUE
24067,2020-11-18T18:30:40Z,0.681,1.63,FALSE
14792,2020-11-18T18:44:39Z,0.677,1.57,TRUE
12107,2020-11-18T21:16:35Z,0.696,1.59,TRUE
7372,2020-11-18T22:18:30Z,0.682,1.63,FALSE
10977,2020-11-19T06:50:32Z,0.69,1.555,TRUE
4076,2020-11-19T13:16:39Z,0.7,1.72,TRUE
26932,2020-11-19T14:18:35Z,0.692,1.58,TRUE
35957,2020-11-19T15:12:33Z,0.717,1.59,TRUE
14909,2020-11-19T16:18:34Z,0.724,1.6,TRUE
33160,2020-11-19T19:46:40Z,0.696,1.61,TRUE
34601,2020-11-19T21:34:33Z,0.752,1.66,FALSE
27850,2020-11-20T01:26:29Z,0.74,1.61,TRUE
23426,2020-11-20T02:34:29Z,0.728,1.65,TRUE
24935,2020-11-20T05:00:30Z,0.7,1.66,TRUE
9818,2020-11-20T11:24:38Z,0.68,1.56,FALSE
16182,2020-11-20T17:08:33Z,0.68,1.6,TRUE
1145,2020-11-20T18:36:45Z,0.778,1.71,TRUE
7295,2020-11-20T20:02:46Z,0.707,1.56,TRUE
25464,2020-11-21T01:56:49Z,0.7,1.685,TRUE
6184,2020-11-21T06:56:32Z,0.688,1.6,FALSE
11147,2020-11-21T12:20:37Z,0.808,1.82,TRUE
15236,2020-11-21T12:40:56Z,0.789,1.59,TRUE
34721,2020-11-21T12:50:34Z,0.685,1.65,TRUE
34819,2020-11-21T14:04:35Z,0.723,1.81,TRUE
36644,2020-11-21T16:34:40Z,0.712,1.63,TRUE
18460,2020-11-21T16:43:21Z,0.709,1.61,FALSE
35998,2020-11-21T17:00:41Z,0.677,1.56,TRUE
16064,2020-11-21T17:32:40Z,0.684,1.69,TRUE
17534,2020-11-21T17:36:57Z,0.681,1.6,TRUE
18026,2020-11-21T18:20:40Z,0.724,1.72,FALSE
5157,2020-11-21T19:04:38Z,0.684,1.62,FALSE
18245,2020-11-21T19:16:38Z,0.698,1.59,TRUE
35205,2020-11-21T19:54:38Z,0.698,1.59,TRUE
12672,2020-11-22T06:10:31Z,0.735,1.59,TRUE
26994,2020-11-22T06:18:30Z,0.693,1.78,TRUE
18065,2020-11-22T13:08:34Z,0.716,1.58,TRUE
17822,2020-11-22T13:36:31Z,0.716,1.58,FALSE
11787,2020-11-22T16:22:38Z,0.7,1.81,TRUE
34556,2020-11-22T17:30:39Z,0.756,1.57,FALSE
28865,2020-11-22T18:46:34Z,0.687,1.69,FALSE
6438,2020-11-22T19:36:33Z,0.836,1.57,TRUE
25495,2020-11-23T06:28:32Z,0.772,1.56,TRUE
21571,2020-11-24T13:06:34Z,0.711,1.56,TRUE
635,2020-11-24T18:18:34Z,0.752,1.57,TRUE
5136,2020-11-24T19:22:38Z,0.728,1.58,FALSE
33356,2020-11-25T10:40:34Z,0.706,1.6,TRUE
18114,2020-11-25T12:22:36Z,0.7,1.78,TRUE
2242,2020-11-25T14:26:35Z,0.7,1.68,TRUE
22497,2020-11-25T15:32:39Z,0.828,1.72,TRUE
17596,2020-11-25T15:56:35Z,0.765,1.6,TRUE
13578,2020-11-25T17:10:43Z,0.738,1.61,FALSE
22029,2020-11-25T18:40:42Z,0.699,1.63,FALSE
6701,2020-11-26T00:36:30Z,0.736,1.72,TRUE
27486,2020-11-26T01:16:32Z,0.75,1.79,FALSE
16475,2020-11-26T13:16:38Z,0.712,1.61,TRUE
25882,2020-11-26T13:34:36Z,0.691,2.17,TRUE
26933,2020-11-26T17:56:34Z,0.712,1.56,TRUE
6183,2020-11-27T07:44:34Z,0.713,1.63,FALSE
1249,2020-11-27T16:08:33Z,0.745,1.98,TRUE
2405,2020-11-28T01:10:30Z,0.679,1.57,TRUE
13765,2020-11-28T12:36:56Z,0.716,1.65,TRUE
12239,2020-11-28T13:19:04Z,0.7,2,FALSE
14589,2020-11-28T13:33:25Z,0.696,1.755,TRUE
16191,2020-11-28T13:35:58Z,0.699,1.73,TRUE
12705,2020-11-28T13:41:06Z,0.69,1.685,TRUE
6011,2020-11-28T15:18:36Z,0.724,1.6,TRUE
13917,2020-11-28T15:44:37Z,0.75,1.77,TRUE
26943,2020-11-28T16:52:40Z,0.678,1.65,TRUE
36009,2020-11-28T17:22:41Z,0.683,1.6,FALSE
30950,2020-11-28T17:58:38Z,0.696,1.6,TRUE
16962,2020-11-28T19:18:37Z,0.69,1.57,FALSE
34650,2020-11-28T20:16:38Z,0.751,1.62,TRUE
29329,2020-11-28T20:30:33Z,0.689,1.59,TRUE
25719,2020-11-28T21:10:33Z,0.676,1.875,FALSE
2406,2020-11-29T02:12:28Z,0.677,1.59,TRUE
14927,2020-11-29T05:26:28Z,0.7,1.71,TRUE
35849,2020-11-29T06:24:29Z,0.724,1.65,TRUE
3957,2020-11-29T06:28:34Z,0.72,1.73,TRUE
3235,2020-11-29T07:48:29Z,0.682,1.56,FALSE
2943,2020-11-29T12:08:35Z,0.694,1.6,FALSE
30616,2020-11-29T12:10:55Z,0.754,1.62,FALSE
25737,2020-11-29T12:30:35Z,0.684,1.63,TRUE
11092,2020-11-29T15:10:34Z,0.679,1.56,TRUE
17603,2020-11-29T16:15:35Z,0.735,1.63,TRUE
33537,2020-11-29T16:42:32Z,0.676,1.56,FALSE
5280,2020-11-29T18:10:36Z,0.711,1.59,TRUE
2380,2020-11-29T18:14:52Z,0.726,1.65,TRUE
18224,2020-11-30T17:08:31Z,0.676,1.57,FALSE
7199,2020-11-30T20:48:34Z,0.705,1.74,TRUE
24579,2020-11-30T21:44:35Z,0.699,1.59,TRUE
9829,2020-12-01T11:12:42Z,0.757,1.57,FALSE
12415,2020-12-01T12:04:37Z,0.792,1.61,TRUE
34218,2020-12-01T17:18:36Z,0.679,1.56,TRUE
5594,2020-12-01T18:20:36Z,0.766,1.63,FALSE
13697,2020-12-01T22:16:32Z,0.727,1.57,FALSE
29349,2020-12-02T00:20:32Z,0.703,1.74,TRUE
35809,2020-12-02T13:14:37Z,0.7,1.71,TRUE
15956,2020-12-02T13:42:40Z,0.806,1.504,TRUE
18646,2020-12-02T14:54:35Z,0.762,1.55,TRUE
3208,2020-12-02T17:20:53Z,0.752,1.53,TRUE
36627,2020-12-02T17:25:07Z,0.761,1.57,TRUE
12734,2020-12-02T19:30:40Z,0.7,1.66,TRUE
13695,2020-12-02T21:00:36Z,0.758,1.51,TRUE
27475,2020-12-02T23:02:37Z,0.751,1.59,FALSE
24957,2020-12-03T04:58:33Z,0.774,1.52,TRUE
27312,2020-12-03T06:46:31Z,0.77,1.51,TRUE
18648,2020-12-03T07:34:31Z,0.771,1.565,TRUE
12218,2020-12-03T09:46:36Z,0.776,1.632,TRUE
12198,2020-12-03T11:08:36Z,0.751,1.61,TRUE
19494,2020-12-03T12:20:38Z,0.785,1.504,TRUE
15959,2020-12-03T13:14:39Z,0.759,1.568,FALSE
28510,2020-12-03T13:30:39Z,0.752,1.69,TRUE
28099,2020-12-03T16:54:36Z,0.772,1.584,TRUE
2457,2020-12-03T17:34:37Z,0.756,1.55,FALSE
21518,2020-12-04T00:18:33Z,0.761,1.55,TRUE
27471,2020-12-04T02:50:32Z,0.766,1.55,FALSE
12007,2020-12-04T03:50:30Z,0.767,1.52,TRUE
15961,2020-12-04T06:14:31Z,0.757,1.51,TRUE
10693,2020-12-04T08:56:33Z,0.773,1.52,TRUE
31843,2020-12-04T11:20:41Z,0.866,1.53,TRUE
15962,2020-12-04T13:20:34Z,0.755,1.555,TRUE
29002,2020-12-04T18:06:36Z,0.76,1.55,TRUE
7130,2020-12-04T19:44:43Z,0.775,1.51,TRUE
5155,2020-12-04T20:06:38Z,0.798,1.52,FALSE
15963,2020-12-04T20:46:42Z,0.777,1.525,TRUE
7141,2020-12-04T23:06:36Z,0.756,1.51,FALSE
2419,2020-12-04T23:22:30Z,0.757,1.51,FALSE
28340,2020-12-05T05:52:29Z,0.845,1.51,FALSE
6976,2020-12-05T07:26:33Z,0.7,1.68,TRUE
9825,2020-12-05T08:54:36Z,0.803,1.57,TRUE
27756,2020-12-05T09:36:36Z,0.758,1.55,FALSE
11144,2020-12-05T12:18:36Z,0.842,1.79,TRUE
16097,2020-12-05T12:27:56Z,0.8,1.52,TRUE
4989,2020-12-05T14:12:44Z,0.7,1.704,FALSE
14799,2020-12-05T18:36:48Z,0.7,1.7,FALSE
34505,2020-12-05T18:58:47Z,0.752,1.51,FALSE
25178,2020-12-05T19:10:48Z,0.755,1.63,FALSE
17343,2020-12-06T06:40:53Z,0.7,1.71,TRUE
982,2020-12-06T09:40:37Z,0.77,1.53,FALSE
35808,2020-12-06T12:32:36Z,0.7,1.69,TRUE
9821,2020-12-06T13:20:36Z,0.838,1.57,TRUE
24138,2020-12-06T15:46:36Z,0.769,1.52,TRUE
28102,2020-12-06T15:46:36Z,0.759,1.536,TRUE
14600,2020-12-06T17:12:38Z,0.766,1.63,FALSE
1360,2020-12-06T17:17:15Z,0.7,1.712,FALSE
15967,2020-12-06T21:14:32Z,0.755,1.504,TRUE
15969,2020-12-07T12:46:32Z,0.773,1.56,TRUE
23629,2020-12-07T15:26:30Z,0.7,1.74,TRUE
28103,2020-12-07T17:12:32Z,0.792,1.632,TRUE
19417,2020-12-07T17:28:33Z,0.816,1.6,TRUE
15970,2020-12-07T21:16:33Z,0.762,1.65,FALSE
24965,2020-12-08T04:56:30Z,0.819,1.52,TRUE
15971,2020-12-08T06:12:31Z,0.761,1.625,FALSE
27696,2020-12-08T11:40:37Z,0.757,1.6,TRUE
26677,2020-12-08T18:12:41Z,0.759,1.71,TRUE
12827,2020-12-08T18:18:40Z,0.752,1.53,TRUE
9657,2020-12-08T18:22:46Z,0.753,1.51,TRUE
3775,2020-12-08T19:36:39Z,0.755,1.6,FALSE
25134,2020-12-08T19:48:34Z,0.76,1.512,TRUE
15973,2020-12-08T20:58:33Z,0.76,1.512,TRUE
24967,2020-12-09T04:24:34Z,0.754,1.504,TRUE
14328,2020-12-09T08:48:34Z,0.818,1.55,TRUE
7813,2020-12-09T14:08:36Z,0.777,1.53,FALSE
1065,2020-12-09T17:32:38Z,0.794,1.6,TRUE
31255,2020-12-09T18:33:00Z,0.784,1.53,TRUE
25136,2020-12-09T19:27:52Z,0.793,1.51,TRUE
2333,2020-12-09T19:29:52Z,0.763,1.6,TRUE
18666,2020-12-09T22:22:35Z,0.815,1.65,TRUE
33039,2020-12-10T02:02:29Z,0.78,1.56,FALSE
11989,2020-12-10T05:02:31Z,0.759,1.68,TRUE
28442,2020-12-10T05:58:37Z,0.847,1.53,TRUE
15977,2020-12-10T06:05:41Z,0.757,1.51,TRUE
31800,2020-12-10T06:13:52Z,0.791,1.505,TRUE
30307,2020-12-10T10:36:37Z,0.752,1.544,FALSE
24970,2020-12-10T11:48:39Z,0.766,1.51,TRUE
19277,2020-12-10T12:46:36Z,0.785,1.51,TRUE
28008,2020-12-10T13:04:38Z,0.793,1.54,FALSE
25137,2020-12-10T19:56:37Z,0.753,1.52,TRUE
23425,2020-12-10T23:36:30Z,0.767,1.55,TRUE
34614,2020-12-11T02:38:32Z,0.836,1.62,FALSE
24971,2020-12-11T05:00:31Z,0.7,1.675,TRUE
15980,2020-12-11T05:54:31Z,0.771,1.536,FALSE
9152,2020-12-11T16:30:35Z,0.752,1.685,TRUE
19716,2020-12-11T18:06:37Z,0.785,1.56,TRUE
26751,2020-12-11T18:06:37Z,0.753,1.52,TRUE
5254,2020-12-11T19:16:39Z,0.759,1.56,TRUE
35997,2020-12-11T19:47:01Z,0.756,1.53,TRUE
25138,2020-12-11T20:02:39Z,0.81,1.53,TRUE
20940,2020-12-12T00:50:31Z,0.79,1.77,TRUE
6988,2020-12-12T01:34:30Z,0.826,1.52,TRUE
12448,2020-12-12T06:46:29Z,0.7,1.66,FALSE
35907,2020-12-12T07:00:33Z,0.788,1.53,TRUE
11238,2020-12-12T07:04:44Z,0.751,1.63,TRUE
18673,2020-12-12T07:10:34Z,0.765,1.56,TRUE
6818,2020-12-12T09:04:37Z,0.7,1.69,FALSE
24974,2020-12-12T12:20:40Z,0.784,1.515,TRUE
9533,2020-12-12T12:32:37Z,0.833,1.56,TRUE
32073,2020-12-12T13:36:38Z,0.806,1.65,FALSE
31929,2020-12-12T13:49:04Z,0.752,1.52,FALSE
14277,2020-12-12T14:46:41Z,0.753,1.53,TRUE
3921,2020-12-12T15:42:37Z,0.757,1.85,TRUE
22298,2020-12-12T16:24:41Z,0.781,1.52,TRUE
2525,2020-12-12T16:29:14Z,0.758,1.52,FALSE
24221,2020-12-12T16:35:04Z,0.773,1.54,TRUE
1836,2020-12-12T17:10:43Z,0.787,1.53,TRUE
13410,2020-12-12T17:48:44Z,0.754,1.53,TRUE
3807,2020-12-12T18:36:39Z,0.828,1.53,TRUE
12119,2020-12-12T19:15:35Z,0.751,1.63,TRUE
12024,2020-12-13T02:12:29Z,0.7,1.68,TRUE
19583,2020-12-13T02:26:29Z,0.804,1.55,TRUE
34458,2020-12-13T02:42:37Z,0.758,1.52,TRUE
17290,2020-12-13T06:24:30Z,0.7,1.69,FALSE
33616,2020-12-13T07:14:31Z,0.758,1.51,TRUE
22353,2020-12-13T07:30:31Z,0.753,1.6,TRUE
32074,2020-12-13T10:04:43Z,0.757,2.304,FALSE
25731,2020-12-13T11:34:38Z,0.789,1.52,TRUE
4300,2020-12-13T12:36:40Z,0.758,1.55,FALSE
7001,2020-12-13T14:58:37Z,0.789,1.58,TRUE
5117,2020-12-13T15:46:39Z,0.792,1.51,TRUE
4200,2020-12-13T16:32:40Z,0.7,1.725,TRUE
5680,2020-12-13T17:22:39Z,0.767,1.53,TRUE
25140,2020-12-13T19:30:39Z,0.798,1.536,TRUE
15986,2020-12-13T20:50:35Z,0.7,1.68,TRUE
3160,2020-12-13T23:52:27Z,0.757,1.56,TRUE
12682,2020-12-14T00:00:36Z,0.751,1.54,TRUE
8330,2020-12-14T01:44:28Z,0.801,1.56,TRUE
17848,2020-12-14T02:08:27Z,0.7,1.66,TRUE
13559,2020-12-14T03:18:32Z,0.752,1.56,FALSE
24255,2020-12-14T03:50:31Z,0.753,1.59,FALSE
36284,2020-12-14T12:32:34Z,0.842,1.896,TRUE
15988,2020-12-14T12:52:35Z,0.753,1.55,FALSE
27980,2020-12-14T13:16:42Z,0.768,1.59,FALSE
18678,2020-12-14T14:40:33Z,0.805,1.55,TRUE
21905,2020-12-14T17:30:35Z,0.753,1.57,TRUE
23153,2020-12-14T19:02:36Z,0.776,1.555,FALSE
25141,2020-12-14T19:46:32Z,0.762,1.55,FALSE
18679,2020-12-14T22:04:34Z,0.753,1.53,FALSE
22004,2020-12-14T22:48:32Z,0.757,1.52,TRUE
7207,2020-12-15T00:28:35Z,0.765,1.58,FALSE
19437,2020-12-15T00:58:34Z,0.781,1.58,TRUE
13748,2020-12-15T01:52:32Z,0.776,1.51,TRUE
19983,2020-12-15T08:38:39Z,0.753,1.544,TRUE
24978,2020-12-15T11:40:39Z,0.799,1.52,TRUE
28111,2020-12-15T17:04:37Z,0.737,1.51,FALSE
1365,2020-12-15T18:10:49Z,0.758,1.915,TRUE
15992,2020-12-15T21:04:39Z,0.735,1.555,TRUE
10183,2020-12-15T21:06:44Z,0.74,1.53,TRUE
12683,2020-12-16T00:00:35Z,0.784,1.584,FALSE
13433,2020-12-16T02:42:34Z,0.771,1.54,TRUE
24980,2020-12-16T05:06:34Z,0.821,1.696,TRUE
15993,2020-12-16T06:12:39Z,0.726,1.55,TRUE
14084,2020-12-16T09:06:39Z,0.747,1.54,TRUE
19502,2020-12-16T12:46:37Z,0.71,1.568,TRUE
22533,2020-12-16T18:08:39Z,0.755,1.51,TRUE
29014,2020-12-16T18:22:39Z,0.759,1.63,TRUE
33157,2020-12-16T18:58:40Z,0.763,1.54,FALSE
8496,2020-12-16T19:22:40Z,0.754,1.56,TRUE
26665,2020-12-16T19:22:40Z,0.798,1.55,FALSE
15065,2020-12-16T20:00:42Z,0.762,1.555,TRUE
20212,2020-12-16T20:54:48Z,0.781,1.58,TRUE
21941,2020-12-17T01:54:31Z,0.758,1.59,FALSE
15996,2020-12-17T06:24:36Z,0.815,1.585,FALSE
20357,2020-12-17T08:40:34Z,0.814,1.53,FALSE
4298,2020-12-17T09:36:38Z,0.781,1.67,TRUE
12455,2020-12-17T11:52:36Z,0.762,1.59,TRUE
11213,2020-12-17T13:30:35Z,0.732,1.51,TRUE
8462,2020-12-17T16:08:36Z,0.762,1.54,TRUE
28113,2020-12-17T16:46:33Z,0.727,1.565,TRUE
28570,2020-12-17T17:24:36Z,0.75,1.51,FALSE
16433,2020-12-17T18:42:47Z,0.727,1.525,FALSE
25143,2020-12-17T19:22:58Z,0.733,1.51,FALSE
18471,2020-12-18T01:17:06Z,0.728,1.616,FALSE
24984,2020-12-18T04:28:34Z,0.751,1.504,TRUE
34356,2020-12-18T04:52:31Z,0.744,1.504,TRUE
22869,2020-12-18T08:20:34Z,0.76,1.52,TRUE
24985,2020-12-18T11:32:38Z,0.728,1.568,TRUE
27004,2020-12-18T15:08:36Z,0.731,1.68,TRUE
34427,2020-12-18T16:34:36Z,0.77,1.544,FALSE
36161,2020-12-18T20:20:37Z,0.741,1.66,TRUE
18691,2020-12-18T21:54:36Z,0.728,1.51,FALSE
13673,2020-12-18T23:44:30Z,0.738,1.51,TRUE
20923,2020-12-19T02:04:31Z,0.738,1.51,TRUE
28404,2020-12-19T05:26:29Z,0.74,1.55,TRUE
6738,2020-12-19T13:04:40Z,0.739,1.53,TRUE
15267,2020-12-19T13:24:36Z,0.752,1.56,TRUE
35873,2020-12-19T13:48:41Z,0.742,1.57,TRUE
24986,2020-12-19T14:10:39Z,0.738,1.525,TRUE
11151,2020-12-19T17:46:39Z,0.728,1.52,TRUE
27501,2020-12-19T20:40:39Z,0.76,1.56,FALSE
9528,2020-12-19T21:12:34Z,0.731,1.51,TRUE
18693,2020-12-19T22:04:32Z,0.727,1.575,TRUE
12222,2020-12-20T06:18:32Z,0.736,1.56,TRUE
12206,2020-12-20T07:14:35Z,0.73,1.525,TRUE
5568,2020-12-20T09:10:33Z,0.754,1.56,TRUE
21929,2020-12-20T11:36:38Z,0.737,1.52,TRUE
8381,2020-12-20T12:30:38Z,0.812,1.65,TRUE
3805,2020-12-20T15:30:40Z,0.735,1.56,TRUE
28115,2020-12-20T15:42:37Z,0.73,1.545,TRUE
36646,2020-12-20T16:02:40Z,0.755,1.57,TRUE
542,2020-12-20T16:18:37Z,0.761,1.66,FALSE
21898,2020-12-20T19:32:39Z,0.743,1.55,TRUE
28507,2020-12-21T03:46:30Z,0.739,1.52,FALSE
24987,2020-12-21T04:54:32Z,0.75,1.59,TRUE
16005,2020-12-21T06:10:36Z,0.812,1.565,FALSE
10998,2020-12-21T06:22:34Z,0.728,1.53,FALSE
18695,2020-12-21T07:32:35Z,0.745,1.53,FALSE
18696,2020-12-21T14:34:33Z,0.737,1.632,FALSE
24845,2020-12-21T19:08:36Z,0.798,1.685,TRUE
25147,2020-12-21T19:50:37Z,0.74,1.54,FALSE
22008,2020-12-21T22:34:34Z,0.728,1.51,TRUE
18698,2020-12-22T07:32:33Z,0.762,1.605,TRUE
24711,2020-12-22T08:54:39Z,0.768,1.55,TRUE
19926,2020-12-22T11:56:34Z,0.745,1.54,TRUE
16009,2020-12-22T13:02:37Z,0.738,1.52,TRUE
1262,2020-12-22T15:40:37Z,0.728,1.53,TRUE
29019,2020-12-22T18:10:41Z,0.757,1.52,FALSE
5548,2020-12-22T18:34:39Z,0.748,1.59,FALSE
3132,2020-12-23T02:02:33Z,0.776,1.52,TRUE
7964,2020-12-23T02:28:30Z,0.74,1.51,TRUE
36564,2020-12-23T04:48:31Z,0.742,1.62,FALSE
16011,2020-12-23T06:14:33Z,0.78,1.608,FALSE
28012,2020-12-23T06:20:33Z,0.736,1.53,TRUE
24992,2020-12-23T11:50:39Z,0.74,1.64,TRUE
1294,2020-12-23T13:24:39Z,0.742,1.58,TRUE
9287,2020-12-23T15:22:40Z,0.733,1.55,FALSE
24585,2020-12-23T16:16:41Z,0.741,1.58,TRUE
1157,2020-12-23T17:36:43Z,0.762,1.6,TRUE
12867,2020-12-23T18:48:39Z,0.743,1.51,TRUE
23298,2020-12-24T00:56:36Z,0.73,1.55,TRUE
19057,2020-12-24T01:22:32Z,0.758,1.51,FALSE
23364,2020-12-24T05:02:30Z,0.801,1.53,TRUE
16015,2020-12-24T13:08:36Z,0.763,1.52,FALSE
29765,2020-12-24T13:24:34Z,0.814,1.64,TRUE
18705,2020-12-24T14:18:33Z,0.75,1.59,TRUE
23162,2020-12-24T19:06:39Z,0.754,1.568,TRUE
12907,2020-12-24T19:20:33Z,0.76,1.52,TRUE
18706,2020-12-24T22:32:33Z,0.742,1.536,TRUE
12687,2020-12-24T23:30:31Z,0.752,1.52,FALSE
11997,2020-12-25T05:36:43Z,0.739,1.53,FALSE
28120,2020-12-25T15:07:14Z,0.726,1.52,TRUE
28338,2020-12-26T04:52:30Z,0.756,1.55,FALSE
2253,2020-12-26T12:30:34Z,0.733,1.56,TRUE
30359,2020-12-26T14:34:35Z,0.73,1.955,TRUE
28121,2020-12-26T15:46:31Z,0.829,1.53,TRUE
11154,2020-12-26T18:16:36Z,0.739,1.56,TRUE
18712,2020-12-26T22:56:31Z,0.726,1.515,TRUE
14362,2020-12-27T09:26:33Z,0.734,1.57,TRUE
28122,2020-12-27T15:16:35Z,0.728,1.504,TRUE
13066,2020-12-27T15:18:45Z,0.78,1.51,TRUE
22484,2020-12-27T16:52:39Z,0.76,1.65,TRUE
29310,2020-12-27T18:44:36Z,0.749,1.55,FALSE
12688,2020-12-28T00:46:30Z,0.77,1.52,FALSE
18475,2020-12-28T02:00:32Z,0.728,1.58,TRUE
9594,2020-12-28T06:40:32Z,0.733,1.536,TRUE
16024,2020-12-28T06:42:32Z,0.778,1.54,TRUE
18714,2020-12-28T07:40:32Z,0.793,1.61,FALSE
23166,2020-12-28T19:16:36Z,0.762,1.552,TRUE
18716,2020-12-28T22:08:36Z,0.73,1.56,TRUE
12046,2020-12-29T03:26:32Z,0.743,1.59,TRUE
25001,2020-12-29T04:56:32Z,0.807,1.525,FALSE
28436,2020-12-29T06:20:37Z,0.735,1.59,TRUE
30283,2020-12-29T09:44:34Z,0.73,1.835,FALSE
25002,2020-12-29T12:00:33Z,0.73,1.66,TRUE
18718,2020-12-29T14:20:32Z,0.742,1.55,TRUE
10155,2020-12-29T15:52:32Z,0.771,1.52,FALSE
7749,2020-12-29T20:54:34Z,0.738,1.53,TRUE
18719,2020-12-29T22:24:32Z,0.794,1.52,TRUE
12689,2020-12-29T23:32:31Z,0.742,1.53,TRUE
22026,2020-12-30T02:38:31Z,0.767,1.55,TRUE
1363,2020-12-30T17:06:36Z,0.743,1.66,TRUE
31256,2020-12-30T20:54:35Z,0.743,1.55,FALSE
16032,2020-12-30T21:20:38Z,0.798,1.52,TRUE
27744,2020-12-31T07:34:34Z,0.733,1.51,TRUE
19512,2020-12-31T12:30:33Z,0.746,1.504,TRUE
12476,2020-12-31T13:08:33Z,0.772,1.65,FALSE
23169,2020-12-31T17:38:31Z,0.742,1.565,TRUE
14339,2021-01-01T13:46:28Z,0.812,1.53,TRUE
19533,2021-01-01T14:26:28Z,0.738,1.61,TRUE
28127,2021-01-01T15:48:29Z,0.789,1.62,TRUE
13789,2021-01-01T19:26:31Z,0.726,1.51,FALSE
17294,2021-01-02T08:26:30Z,0.739,1.51,TRUE
12214,2021-01-02T15:56:35Z,0.738,1.51,TRUE
23171,2021-01-02T17:56:34Z,0.729,1.56,TRUE
17963,2021-01-02T19:48:34Z,0.763,1.85,FALSE
32186,2021-01-03T09:12:32Z,0.746,1.52,TRUE
22283,2021-01-03T12:24:34Z,0.745,1.58,TRUE
34693,2021-01-03T13:36:34Z,0.745,1.536,TRUE
28330,2021-01-03T15:30:38Z,0.726,1.51,TRUE
25683,2021-01-03T17:50:37Z,0.74,1.58,FALSE
22311,2021-01-03T18:24:40Z,0.77,1.52,FALSE
12228,2021-01-04T12:52:32Z,0.731,1.555,FALSE
23173,2021-01-04T19:06:33Z,0.732,1.52,TRUE
25007,2021-01-05T04:38:30Z,0.748,1.52,TRUE
18727,2021-01-05T07:34:33Z,0.8,1.525,TRUE
27900,2021-01-05T12:42:33Z,0.759,1.51,TRUE
18728,2021-01-05T14:34:35Z,0.785,1.56,TRUE
10404,2021-01-05T17:02:36Z,0.769,1.584,TRUE
25172,2021-01-06T01:58:28Z,0.737,1.57,FALSE
11998,2021-01-06T04:38:32Z,0.727,1.536,FALSE
16040,2021-01-06T06:24:30Z,0.759,1.515,TRUE
18730,2021-01-06T07:22:33Z,0.752,1.63,TRUE
30289,2021-01-06T09:20:32Z,0.736,1.688,TRUE
19535,2021-01-06T11:12:53Z,0.738,1.52,TRUE
25010,2021-01-06T11:56:47Z,0.761,1.555,TRUE
5001,2021-01-06T13:12:52Z,0.726,1.52,TRUE
34369,2021-01-06T13:19:03Z,0.74,1.51,TRUE
18731,2021-01-06T14:24:54Z,0.756,1.505,TRUE
1395,2021-01-06T16:32:59Z,0.757,1.53,TRUE
6708,2021-01-06T18:09:11Z,0.727,1.51,TRUE
21912,2021-01-06T18:55:08Z,0.728,1.51,TRUE
23175,2021-01-06T19:07:09Z,0.739,1.515,TRUE
22016,2021-01-06T22:22:35Z,0.74,1.6,TRUE
12023,2021-01-07T03:04:32Z,0.731,1.515,TRUE
37716,2021-01-09T16:34:40Z,0.733,1.59,FALSE
43203,2021-01-09T23:26:30Z,0.836,1.515,TRUE
46457,2021-01-10T08:40:34Z,0.746,1.51,TRUE
40973,2021-01-10T10:08:36Z,0.732,1.62,TRUE
39117,2021-01-10T10:22:37Z,0.759,1.53,TRUE
40984,2021-01-10T12:04:35Z,0.729,1.52,FALSE
46832,2021-01-10T12:28:40Z,0.914,1.52,TRUE
38964,2021-01-10T14:28:39Z,0.761,1.51,TRUE
37798,2021-01-10T15:04:44Z,0.757,1.56,TRUE
48748,2021-01-10T17:24:40Z,0.732,1.51,TRUE
45660,2021-01-10T18:32:41Z,0.727,1.51,FALSE
40670,2021-01-10T19:14:34Z,0.735,1.51,TRUE
43204,2021-01-10T22:52:32Z,0.742,1.53,FALSE
42211,2021-01-11T05:58:30Z,0.742,1.51,FALSE
41952,2021-01-11T14:12:36Z,0.738,1.51,TRUE
45452,2021-01-11T19:38:35Z,0.732,1.55,FALSE
44668,2021-01-11T21:26:33Z,0.734,1.61,TRUE
47637,2021-01-12T00:44:30Z,0.736,1.62,TRUE
45385,2021-01-12T04:54:30Z,0.737,1.648,TRUE
43208,2021-01-12T07:20:34Z,0.784,1.544,TRUE
45386,2021-01-12T11:38:37Z,0.727,1.63,TRUE
40913,2021-01-12T12:04:35Z,0.751,1.625,FALSE
41661,2021-01-12T13:10:39Z,0.757,1.6,TRUE
43595,2021-01-12T13:40:37Z,0.809,1.565,TRUE
39360,2021-01-12T15:12:35Z,0.746,1.72,TRUE
48587,2021-01-12T19:40:35Z,0.727,1.55,TRUE
44788,2021-01-12T21:50:33Z,0.727,1.57,TRUE
40540,2021-01-13T06:50:31Z,0.744,1.512,TRUE
42218,2021-01-13T13:22:36Z,0.737,1.67,TRUE
43623,2021-01-13T14:02:35Z,0.742,1.685,FALSE
42493,2021-01-13T14:40:35Z,0.732,1.57,TRUE
43212,2021-01-13T14:42:41Z,0.786,1.515,TRUE
42382,2021-01-13T18:22:41Z,0.852,1.57,TRUE
40992,2021-01-13T18:34:41Z,0.75,1.525,FALSE
45454,2021-01-13T19:46:44Z,0.744,1.504,FALSE
42219,2021-01-13T21:10:37Z,0.75,1.525,TRUE
42220,2021-01-14T05:50:31Z,0.748,1.575,TRUE
49278,2021-01-14T05:52:31Z,0.794,1.51,TRUE
43214,2021-01-14T07:16:29Z,0.752,1.52,FALSE
43810,2021-01-14T07:28:40Z,0.746,1.57,FALSE
45390,2021-01-14T11:38:36Z,0.764,1.525,TRUE
40914,2021-01-14T13:40:36Z,0.747,1.544,TRUE
42221,2021-01-14T13:40:36Z,0.73,1.54,TRUE
43215,2021-01-14T14:34:36Z,0.731,1.605,TRUE
44995,2021-01-14T16:16:37Z,0.732,1.52,FALSE
37504,2021-01-14T16:48:36Z,0.731,1.52,FALSE
45038,2021-01-14T16:48:36Z,0.726,1.51,FALSE
43185,2021-01-15T01:04:30Z,0.787,1.584,TRUE
39810,2021-01-15T01:26:31Z,0.747,1.52,FALSE
45490,2021-01-15T02:24:31Z,0.755,1.536,FALSE
42223,2021-01-15T05:46:30Z,0.73,1.58,TRUE
49076,2021-01-15T09:00:38Z,0.755,1.51,TRUE
43624,2021-01-15T14:18:40Z,0.73,1.53,TRUE
46468,2021-01-15T16:58:37Z,0.728,1.58,FALSE
39764,2021-01-15T19:28:38Z,0.74,1.53,TRUE
38416,2021-01-15T20:00:39Z,0.729,1.56,TRUE
40592,2021-01-15T20:36:39Z,0.779,1.52,TRUE
44501,2021-01-15T22:20:35Z,0.785,1.525,FALSE
39834,2021-01-16T01:30:32Z,0.753,1.595,TRUE
42226,2021-01-16T06:32:34Z,0.749,1.555,TRUE
45394,2021-01-16T12:04:48Z,0.73,1.515,FALSE
41544,2021-01-16T13:22:56Z,0.768,1.625,TRUE
43221,2021-01-16T14:20:56Z,0.743,1.515,TRUE
45107,2021-01-16T16:16:59Z,0.757,1.68,TRUE
48493,2021-01-16T16:24:59Z,0.747,1.59,FALSE
44595,2021-01-16T19:53:05Z,0.728,1.56,TRUE
43222,2021-01-16T23:19:21Z,0.728,1.52,TRUE
37378,2021-01-17T05:30:44Z,0.735,1.51,FALSE
41472,2021-01-17T11:16:43Z,0.741,1.51,FALSE
37793,2021-01-17T11:20:39Z,0.736,1.58,TRUE
46988,2021-01-17T12:08:36Z,0.762,1.6,FALSE
46446,2021-01-17T12:36:38Z,0.727,1.51,TRUE
39363,2021-01-17T15:38:40Z,0.732,1.6,FALSE
46470,2021-01-17T15:44:40Z,0.744,1.504,TRUE
45457,2021-01-17T20:44:35Z,0.752,1.53,TRUE
42229,2021-01-17T22:00:34Z,0.737,1.625,TRUE
43223,2021-01-17T23:34:28Z,0.734,1.552,TRUE
41050,2021-01-18T00:58:26Z,0.727,1.525,TRUE
40790,2021-01-18T05:12:33Z,0.735,1.536,FALSE
40543,2021-01-18T06:56:32Z,0.754,1.51,FALSE
42230,2021-01-18T07:12:34Z,0.742,1.615,FALSE
41479,2021-01-18T10:00:33Z,0.821,1.54,TRUE
43420,2021-01-18T10:30:38Z,0.756,1.712,TRUE
42231,2021-01-18T13:14:32Z,0.727,1.555,TRUE
44445,2021-01-18T15:32:35Z,0.748,1.56,TRUE
44921,2021-01-18T19:08:37Z,0.731,1.555,FALSE
48770,2021-01-18T21:20:36Z,0.759,1.53,TRUE
45398,2021-01-19T04:56:32Z,0.803,1.51,FALSE
47675,2021-01-19T08:56:36Z,0.735,1.55,FALSE
40917,2021-01-19T10:22:39Z,0.738,1.54,TRUE
43600,2021-01-19T11:36:42Z,0.769,1.55,TRUE
45399,2021-01-19T11:58:39Z,0.749,1.555,TRUE
38687,2021-01-19T12:29:36Z,0.761,1.6,TRUE
46257,2021-01-19T14:18:38Z,0.75,1.77,TRUE
39355,2021-01-19T14:46:37Z,0.747,1.58,FALSE
43709,2021-01-19T16:34:43Z,0.731,1.55,FALSE
45492,2021-01-20T02:26:33Z,0.728,1.57,FALSE
42236,2021-01-20T05:50:35Z,0.728,1.58,TRUE
43230,2021-01-20T07:34:35Z,0.807,1.51,TRUE
48134,2021-01-20T09:20:34Z,0.757,1.58,FALSE
37379,2021-01-20T09:42:39Z,0.727,1.6,TRUE
46387,2021-01-20T10:58:36Z,0.728,1.57,TRUE
45401,2021-01-20T11:36:41Z,0.747,1.57,TRUE
42237,2021-01-20T13:12:42Z,0.783,1.52,TRUE
38602,2021-01-20T13:58:38Z,0.73,1.58,TRUE
43231,2021-01-20T14:26:41Z,0.735,1.536,FALSE
46473,2021-01-20T16:48:38Z,0.741,1.56,TRUE
42383,2021-01-20T17:48:44Z,0.732,1.55,TRUE
39690,2021-01-20T18:06:43Z,0.731,1.53,TRUE
44340,2021-01-20T18:44:45Z,0.729,1.52,TRUE
45460,2021-01-20T19:46:40Z,0.776,1.555,TRUE
43232,2021-01-20T22:20:39Z,0.73,1.504,TRUE
42239,2021-01-21T06:16:33Z,0.783,1.592,TRUE
43868,2021-01-21T09:18:36Z,0.803,1.61,TRUE
39039,2021-01-21T11:18:40Z,0.744,1.52,TRUE
46456,2021-01-21T12:32:35Z,0.748,1.52,TRUE
38541,2021-01-21T19:22:46Z,0.73,1.52,FALSE
45461,2021-01-21T19:56:35Z,0.744,1.675,TRUE
44490,2021-01-21T21:36:35Z,0.751,1.52,TRUE
43235,2021-01-21T21:56:33Z,0.726,1.515,TRUE
40027,2021-01-21T22:41:41Z,0.732,1.57,TRUE
39838,2021-01-22T00:36:33Z,0.787,1.53,TRUE
43188,2021-01-22T00:44:32Z,0.754,1.53,TRUE
45404,2021-01-22T05:00:33Z,0.777,1.51,FALSE
43236,2021-01-22T07:36:35Z,0.74,1.52,FALSE
47113,2021-01-22T09:20:35Z,0.756,1.57,TRUE
47766,2021-01-22T09:52:31Z,0.729,1.53,FALSE
45405,2021-01-22T12:04:35Z,0.741,1.53,TRUE
40623,2021-01-22T13:20:37Z,0.734,1.56,TRUE
42439,2021-01-22T13:40:37Z,0.728,1.515,FALSE
39916,2021-01-22T15:24:35Z,0.734,1.63,FALSE
49100,2021-01-22T16:06:38Z,0.752,1.51,TRUE
37169,2021-01-22T17:18:38Z,0.727,1.56,TRUE
46098,2021-01-22T18:20:43Z,0.728,1.54,FALSE
44506,2021-01-22T22:34:36Z,0.73,1.62,TRUE
40726,2021-01-23T00:22:35Z,0.746,1.76,TRUE
40600,2021-01-23T11:28:38Z,0.726,1.51,FALSE
43064,2021-01-23T11:40:37Z,0.736,1.51,TRUE
42111,2021-01-23T12:32:44Z,0.732,1.63,TRUE
39917,2021-01-23T12:56:35Z,0.729,1.61,FALSE
40183,2021-01-23T13:42:36Z,0.737,1.58,FALSE
47032,2021-01-23T14:32:01Z,0.735,1.68,TRUE
39652,2021-01-23T14:50:41Z,0.733,1.56,TRUE
46476,2021-01-23T15:52:39Z,0.746,1.54,FALSE
43431,2021-01-23T19:28:38Z,0.816,1.52,FALSE
39714,2021-01-23T19:34:38Z,0.731,1.55,FALSE
45463,2021-01-23T20:52:32Z,0.731,1.595,TRUE
48443,2021-01-23T20:58:36Z,0.735,1.55,TRUE
40672,2021-01-23T22:00:35Z,0.777,1.55,TRUE
42247,2021-01-23T22:10:35Z,0.738,1.58,TRUE
43241,2021-01-23T22:54:37Z,0.726,1.54,TRUE
43964,2021-01-24T03:20:33Z,0.756,1.54,TRUE
46021,2021-01-24T05:38:38Z,0.735,1.55,FALSE
46546,2021-01-24T06:24:36Z,0.744,1.53,TRUE
42473,2021-01-24T06:26:48Z,0.73,1.52,TRUE
44437,2021-01-24T12:31:34Z,0.802,1.66,TRUE
46477,2021-01-24T15:29:21Z,0.75,1.54,FALSE
43762,2021-01-24T19:30:39Z,0.737,1.55,TRUE
40426,2021-01-24T20:20:35Z,0.742,1.555,TRUE
45464,2021-01-24T20:50:36Z,0.729,1.816,TRUE
44552,2021-01-24T20:58:34Z,0.736,1.57,FALSE
43242,2021-01-24T23:20:32Z,0.768,1.565,FALSE
46236,2021-01-25T04:42:34Z,0.734,1.515,TRUE
45408,2021-01-25T05:06:36Z,0.733,1.53,TRUE
44928,2021-01-25T19:04:34Z,0.708,1.584,FALSE
45465,2021-01-25T19:50:36Z,0.715,1.59,FALSE
42251,2021-01-25T21:20:37Z,0.707,1.575,TRUE
43245,2021-01-25T22:42:33Z,0.703,1.58,TRUE
45411,2021-01-26T12:04:35Z,0.706,1.705,FALSE
42253,2021-01-26T12:58:32Z,0.711,1.568,TRUE
43247,2021-01-26T14:14:35Z,0.74,1.584,TRUE
39707,2021-01-26T17:56:40Z,0.709,1.56,TRUE
46708,2021-01-26T17:58:47Z,0.715,1.584,FALSE
47151,2021-01-26T18:36:38Z,0.717,1.65,TRUE
45466,2021-01-26T19:52:37Z,0.734,1.555,TRUE
40610,2021-01-26T21:18:35Z,0.703,1.6,TRUE
45360,2021-01-26T21:36:33Z,0.701,1.84,FALSE
45495,2021-01-27T02:18:31Z,0.731,1.62,FALSE
40797,2021-01-27T04:58:31Z,0.717,1.625,FALSE
43606,2021-01-27T11:26:36Z,0.708,1.584,TRUE
46579,2021-01-27T13:44:35Z,0.752,1.56,TRUE
37506,2021-01-27T15:10:35Z,0.718,1.65,TRUE
38659,2021-01-27T15:30:36Z,0.757,1.65,TRUE
38560,2021-01-27T16:04:38Z,0.77,1.56,TRUE
46480,2021-01-27T16:42:41Z,0.738,1.584,TRUE
42913,2021-01-27T17:36:42Z,0.731,1.56,TRUE
39301,2021-01-27T18:06:40Z,0.717,1.595,TRUE
45467,2021-01-27T19:56:39Z,0.72,1.61,TRUE
40798,2021-01-28T05:44:33Z,0.716,1.584,TRUE
40876,2021-01-28T16:30:36Z,0.731,1.768,TRUE
46710,2021-01-28T17:48:37Z,0.701,1.62,FALSE
44566,2021-01-28T20:48:35Z,0.733,1.84,FALSE
41225,2021-01-29T01:44:31Z,0.712,1.56,TRUE
45496,2021-01-29T02:24:32Z,0.743,1.575,TRUE
42261,2021-01-29T05:50:31Z,0.721,1.575,TRUE
41666,2021-01-29T08:40:34Z,0.716,1.6,TRUE
41554,2021-01-29T13:22:36Z,0.714,1.57,TRUE
48453,2021-01-29T16:36:36Z,0.717,1.704,TRUE
42025,2021-01-29T18:08:39Z,0.702,1.56,TRUE
42737,2021-01-29T18:38:37Z,0.722,1.56,TRUE
45469,2021-01-29T19:44:41Z,0.725,1.61,TRUE
45314,2021-01-30T06:16:33Z,0.763,1.65,FALSE
43980,2021-01-30T11:44:36Z,0.75,1.61,TRUE
45419,2021-01-30T11:46:42Z,0.704,1.625,TRUE
42265,2021-01-30T12:56:36Z,0.734,1.57,TRUE
39897,2021-01-30T15:20:38Z,0.754,1.59,FALSE
46483,2021-01-30T15:48:37Z,0.724,1.568,FALSE
45250,2021-01-30T16:02:38Z,0.731,1.69,TRUE
39499,2021-01-30T16:42:38Z,0.725,1.65,FALSE
45108,2021-01-30T17:24:38Z,0.714,1.66,FALSE
41607,2021-01-30T17:42:38Z,0.703,1.75,TRUE
40949,2021-01-30T18:34:38Z,0.722,1.59,FALSE
44933,2021-01-30T18:42:40Z,0.752,1.605,TRUE
45470,2021-01-30T20:46:36Z,0.713,1.56,FALSE
48319,2021-01-30T22:48:32Z,0.704,1.712,TRUE
41229,2021-01-31T06:48:36Z,0.71,1.65,TRUE
40605,2021-01-31T15:42:38Z,0.724,1.63,TRUE
46361,2021-01-31T16:06:41Z,0.709,1.57,TRUE
39271,2021-01-31T17:16:43Z,0.708,1.61,TRUE
45471,2021-01-31T20:34:41Z,0.728,1.58,TRUE
42267,2021-01-31T21:54:37Z,0.728,1.568,FALSE
43259,2021-01-31T23:10:37Z,0.701,1.63,TRUE
45420,2021-02-01T05:02:43Z,0.784,1.57,FALSE
37809,2021-02-01T10:08:50Z,0.715,1.69,TRUE
45421,2021-02-01T11:36:53Z,0.714,1.64,TRUE
40924,2021-02-01T12:12:53Z,0.704,1.58,TRUE
41572,2021-02-01T13:58:56Z,0.717,1.58,TRUE
49264,2021-02-01T15:51:05Z,0.711,1.704,TRUE
44935,2021-02-01T19:08:33Z,0.71,1.57,TRUE
44581,2021-02-01T19:28:35Z,0.714,1.57,FALSE
45472,2021-02-01T19:48:36Z,0.704,1.68,TRUE
43784,2021-02-02T08:30:38Z,0.744,1.57,TRUE
37955,2021-02-02T16:36:33Z,0.71,1.57,TRUE
43264,2021-02-02T22:14:30Z,0.776,1.57,FALSE
45424,2021-02-03T04:32:36Z,0.702,1.656,FALSE
40827,2021-02-03T04:46:32Z,0.702,1.76,FALSE
40553,2021-02-03T08:08:55Z,0.718,1.6,TRUE
46438,2021-02-03T11:34:40Z,0.712,1.57,FALSE
45425,2021-02-03T12:04:40Z,0.71,1.62,FALSE
40966,2021-02-03T13:42:40Z,0.729,1.62,TRUE
47450,2021-02-03T13:48:37Z,0.706,1.62,TRUE
48322,2021-02-03T15:28:34Z,0.754,1.6,FALSE
46487,2021-02-03T17:04:34Z,0.741,1.57,TRUE
41138,2021-02-03T19:06:37Z,0.74,1.57,FALSE
44937,2021-02-03T19:24:38Z,0.737,1.64,TRUE
44728,2021-02-03T19:34:37Z,0.713,1.57,TRUE
45687,2021-02-03T20:02:35Z,0.736,1.58,TRUE
48779,2021-02-03T21:08:41Z,0.708,1.59,FALSE
43268,2021-02-04T07:44:34Z,0.706,1.57,TRUE
42278,2021-02-04T13:22:39Z,0.723,1.635,TRUE
43269,2021-02-04T14:36:39Z,0.715,1.61,TRUE
46683,2021-02-04T15:50:32Z,0.715,1.56,TRUE
44938,2021-02-04T18:44:34Z,0.711,1.568,TRUE
38368,2021-02-04T19:40:35Z,0.742,1.7,TRUE
42745,2021-02-04T20:52:32Z,0.709,1.63,TRUE
43270,2021-02-04T22:30:30Z,0.702,1.664,TRUE
44963,2021-02-04T23:28:32Z,0.705,1.6,TRUE
41468,2021-02-05T00:06:34Z,0.753,1.74,TRUE
45500,2021-02-05T02:02:32Z,0.702,1.62,TRUE
45315,2021-02-05T08:50:36Z,0.746,1.71,FALSE
47123,2021-02-05T09:22:37Z,0.74,1.625,TRUE
44614,2021-02-05T10:18:35Z,0.712,1.736,FALSE
37824,2021-02-05T11:28:38Z,0.703,1.57,FALSE
42724,2021-02-05T16:42:32Z,0.714,1.63,TRUE
43076,2021-02-05T18:16:35Z,0.722,1.89,TRUE
45508,2021-02-06T04:50:30Z,0.709,1.625,TRUE
42469,2021-02-06T08:36:34Z,0.706,1.67,FALSE
39351,2021-02-06T12:06:37Z,0.752,1.736,TRUE
49079,2021-02-06T13:14:37Z,0.798,1.73,TRUE
48394,2021-02-06T13:34:35Z,0.756,1.59,TRUE
46670,2021-02-06T14:06:38Z,0.71,1.58,TRUE
47449,2021-02-06T14:36:36Z,0.752,1.63,TRUE
38726,2021-02-06T14:48:36Z,0.722,1.59,FALSE
42467,2021-02-06T15:20:40Z,0.702,1.712,TRUE
48344,2021-02-06T15:30:38Z,0.722,1.63,TRUE
46490,2021-02-06T15:46:40Z,0.711,1.584,TRUE
40872,2021-02-06T16:02:47Z,0.729,1.75,TRUE
44653,2021-02-06T17:14:39Z,0.754,1.6,TRUE
44940,2021-02-06T17:44:36Z,0.726,1.568,TRUE
41094,2021-02-06T18:10:38Z,0.756,1.76,TRUE
40899,2021-02-06T18:14:38Z,0.702,1.59,FALSE
45117,2021-02-06T18:56:37Z,0.713,1.66,TRUE
42285,2021-02-06T22:04:32Z,0.728,1.565,TRUE
44620,2021-02-07T03:10:31Z,0.758,1.77,TRUE
46565,2021-02-07T03:22:29Z,0.708,1.57,TRUE
46822,2021-02-07T04:54:30Z,0.717,1.56,TRUE
47813,2021-02-07T05:50:31Z,0.726,1.57,TRUE
47769,2021-02-07T09:52:35Z,0.703,1.7,FALSE
37144,2021-02-07T12:06:39Z,0.701,1.58,TRUE
39268,2021-02-07T12:16:51Z,0.811,1.616,FALSE
43071,2021-02-07T13:56:37Z,0.788,1.57,TRUE
46720,2021-02-07T16:38:37Z,0.754,1.575,TRUE
47043,2021-02-07T17:30:39Z,0.705,1.58,FALSE
43338,2021-02-07T18:22:37Z,0.739,1.67,FALSE
43158,2021-02-07T19:36:35Z,0.715,1.73,TRUE
41168,2021-02-07T19:50:35Z,0.719,1.69,TRUE
45478,2021-02-07T20:44:34Z,0.762,1.56,TRUE
42286,2021-02-07T22:08:30Z,0.71,1.58,FALSE
45431,2021-02-08T04:54:30Z,0.724,1.605,TRUE
42287,2021-02-08T06:20:35Z,0.745,1.555,TRUE
43278,2021-02-08T07:18:36Z,0.713,1.57,FALSE
45119,2021-02-08T17:02:42Z,0.708,1.66,TRUE
37154,2021-02-08T19:44:43Z,0.718,1.57,TRUE
46401,2021-02-08T21:10:48Z,0.719,1.69,TRUE
48827,2021-02-09T02:16:37Z,0.701,1.616,FALSE
43282,2021-02-09T14:04:44Z,0.728,1.56,FALSE
44832,2021-02-09T17:18:49Z,0.712,1.56,TRUE
46790,2021-02-09T20:16:49Z,0.701,1.6,FALSE
41672,2021-02-09T21:32:47Z,0.718,1.8,FALSE
43284,2021-02-10T07:29:15Z,0.748,2.35,FALSE
43790,2021-02-10T08:26:56Z,0.707,1.62,TRUE
48341,2021-02-10T11:14:53Z,0.704,1.6,FALSE
41032,2021-02-10T18:52:54Z,0.701,1.565,TRUE
45481,2021-02-10T19:34:58Z,0.708,1.56,TRUE
39968,2021-02-10T21:08:49Z,0.709,1.57,FALSE
43286,2021-02-10T22:18:43Z,0.727,1.552,FALSE
37194,2021-02-11T11:30:44Z,0.794,1.65,TRUE
48373,2021-02-11T13:40:46Z,0.71,1.57,TRUE
45438,2021-02-11T13:52:40Z,0.798,1.57,FALSE
44836,2021-02-11T15:32:54Z,0.721,1.73,TRUE
43287,2021-02-11T16:30:51Z,0.737,1.625,FALSE
45118,2021-02-11T17:44:49Z,0.718,1.59,TRUE
44353,2021-02-11T18:23:05Z,0.759,1.568,TRUE
45482,2021-02-11T19:39:00Z,0.738,1.565,FALSE
43288,2021-02-11T22:24:50Z,0.71,1.565,FALSE
43289,2021-02-12T07:07:54Z,0.713,1.57,TRUE
46050,2021-02-12T14:46:43Z,0.702,1.56,FALSE
38570,2021-02-12T15:48:43Z,0.71,1.616,FALSE
38596,2021-02-12T16:42:44Z,0.752,1.565,TRUE
44209,2021-02-12T18:04:52Z,0.715,1.56,TRUE
42843,2021-02-12T20:18:50Z,0.712,1.63,TRUE
42301,2021-02-12T21:14:46Z,0.808,1.59,TRUE
39850,2021-02-13T00:30:48Z,0.717,1.57,TRUE
39827,2021-02-13T01:28:41Z,0.703,1.58,FALSE
38995,2021-02-13T11:02:39Z,0.76,1.61,TRUE
38530,2021-02-13T11:32:45Z,0.727,1.69,FALSE
39269,2021-02-13T11:34:51Z,0.704,1.57,TRUE
45442,2021-02-13T11:48:44Z,0.712,1.625,FALSE
38142,2021-02-13T13:38:58Z,0.746,1.595,TRUE
45248,2021-02-13T16:39:00Z,0.707,1.57,FALSE
39488,2021-02-13T20:02:48Z,0.721,1.58,TRUE
37940,2021-02-13T20:06:53Z,0.718,1.6,FALSE
40728,2021-02-13T20:16:39Z,0.738,1.71,TRUE
41575,2021-02-13T20:20:36Z,0.713,1.704,TRUE
41783,2021-02-13T20:52:48Z,0.73,1.63,FALSE
42304,2021-02-13T22:08:40Z,0.714,1.584,FALSE
46396,2021-02-14T08:36:45Z,0.748,1.63,FALSE
44431,2021-02-14T11:38:44Z,0.714,1.736,TRUE
41566,2021-02-14T15:37:00Z,0.721,1.57,TRUE
45114,2021-02-14T16:13:01Z,0.716,1.57,TRUE
43200,2021-02-15T01:40:35Z,0.703,1.584,TRUE
45505,2021-02-15T03:20:41Z,0.701,1.605,TRUE
43296,2021-02-15T07:10:36Z,0.71,1.58,TRUE
46251,2021-02-15T08:58:38Z,0.714,1.59,TRUE
46947,2021-02-15T11:58:42Z,0.716,1.59,TRUE
38218,2021-02-15T12:06:44Z,0.713,1.59,TRUE
38648,2021-02-15T17:36:43Z,0.756,1.67,TRUE
45486,2021-02-15T19:56:41Z,0.714,1.565,TRUE
46607,2021-02-15T20:46:42Z,0.704,1.65,TRUE
39828,2021-02-16T01:24:36Z,0.721,1.605,TRUE
40831,2021-02-16T04:16:55Z,0.706,1.65,TRUE
46046,2021-02-16T07:26:38Z,0.713,1.57,TRUE
42048,2021-02-16T09:56:41Z,0.751,1.72,TRUE
47187,2021-02-16T10:56:47Z,0.703,1.605,TRUE
43060,2021-02-16T11:34:48Z,0.791,1.6,TRUE
42311,2021-02-16T20:50:48Z,0.709,1.635,FALSE
40558,2021-02-17T05:10:43Z,0.722,1.56,TRUE
43621,2021-02-17T11:26:47Z,0.732,1.584,TRUE
38606,2021-02-17T14:12:49Z,0.76,1.61,TRUE
42313,2021-02-17T15:10:49Z,0.705,1.73,TRUE
45488,2021-02-17T19:56:47Z,0.726,1.615,TRUE
43926,2021-02-17T20:22:49Z,0.705,1.68,FALSE
40463,2021-02-17T20:24:51Z,0.717,1.59,TRUE
44808,2021-02-17T20:50:47Z,0.71,1.6,TRUE
42314,2021-02-17T20:56:44Z,0.714,1.632,FALSE
